Datetime,Water Level (m)
2026-06-15 00:00:00,0.005107
2026-06-15 01:00:00,-0.18287607
2026-06-15 02:00:00,-0.33994418
2026-06-15 03:00:00,-0.4603734
2026-06-15 04:00:00,-0.34639764
2026-06-15 05:00:00,0.14268088
2026-06-15 06:00:00,0.6546506
2026-06-15 07:00:00,1.1209958
2026-06-15 08:00:00,1.4205703
2026-06-15 09:00:00,1.4336905
2026-06-15 10:00:00,1.1320617
2026-06-15 11:00:00,0.73377144
2026-06-15 12:00:00,0.4258965
2026-06-15 13:00:00,0.18832865
2026-06-15 14:00:00,-0.007921994
2026-06-15 15:00:00,-0.17090984
2026-06-15 16:00:00,-0.2817568
2026-06-15 17:00:00,-0.059417237
2026-06-15 18:00:00,0.4504706
2026-06-15 19:00:00,0.8710151
2026-06-15 20:00:00,1.1394366
2026-06-15 21:00:00,1.1538943
2026-06-15 22:00:00,0.8733793
2026-06-15 23:00:00,0.5296938
2026-06-16 00:00:00,0.2593335
2026-06-16 01:00:00,0.046400294
2026-06-16 02:00:00,-0.13294855
2026-06-16 03:00:00,-0.2877251
2026-06-16 04:00:00,-0.4058526
2026-06-16 05:00:00,-0.22782068
2026-06-16 06:00:00,0.3291831
2026-06-16 07:00:00,0.87307626
2026-06-16 08:00:00,1.3266834
2026-06-16 09:00:00,1.5406308
2026-06-16 10:00:00,1.440048
2026-06-16 11:00:00,1.060358
2026-06-16 12:00:00,0.689374
2026-06-16 13:00:00,0.40638018
2026-06-16 14:00:00,0.18378428
2026-06-16 15:00:00,-0.003483045
2026-06-16 16:00:00,-0.1602894
2026-06-16 17:00:00,-0.26044315
2026-06-16 18:00:00,0.018531192
2026-06-16 19:00:00,0.5547811
2026-06-16 20:00:00,0.99220806
2026-06-16 21:00:00,1.2544628
2026-06-16 22:00:00,1.2336891
2026-06-16 23:00:00,0.9137355
2026-06-17 00:00:00,0.5680573
2026-06-17 01:00:00,0.2990834
2026-06-17 02:00:00,0.089868486
2026-06-17 03:00:00,-0.085510805
2026-06-17 04:00:00,-0.23499005
2026-06-17 05:00:00,-0.32702455
2026-06-17 06:00:00,-0.017563747
2026-06-17 07:00:00,0.5520625
2026-06-17 08:00:00,1.0794808
2026-06-17 09:00:00,1.4772617
2026-06-17 10:00:00,1.6046882
2026-06-17 11:00:00,1.4289206
2026-06-17 12:00:00,1.031423
2026-06-17 13:00:00,0.68033767
2026-06-17 14:00:00,0.4104223
2026-06-17 15:00:00,0.19663464
2026-06-17 16:00:00,0.014596609
2026-06-17 17:00:00,-0.13580188
2026-06-17 18:00:00,-0.19881967
2026-06-17 19:00:00,0.18912926
2026-06-17 20:00:00,0.70863044
2026-06-17 21:00:00,1.1059158
2026-06-17 22:00:00,1.3024262
2026-06-17 23:00:00,1.1966895
2026-06-18 00:00:00,0.8485046
2026-06-18 01:00:00,0.52728015
2026-06-18 02:00:00,0.2813946
2026-06-18 03:00:00,0.0884392
2026-06-18 04:00:00,-0.0756981
2026-06-18 05:00:00,-0.20992889
2026-06-18 06:00:00,-0.23732373
2026-06-18 07:00:00,0.19719377
2026-06-18 08:00:00,0.75163615
2026-06-18 09:00:00,1.247055
2026-06-18 10:00:00,1.5774723
2026-06-18 11:00:00,1.6283675
2026-06-18 12:00:00,1.3719923
2026-06-18 13:00:00,0.9690246
2026-06-18 14:00:00,0.6500856
2026-06-18 15:00:00,0.40131074
2026-06-18 16:00:00,0.20748524
2026-06-18 17:00:00,0.03626098
2026-06-18 18:00:00,-0.09425236
2026-06-18 19:00:00,-0.043736137
2026-06-18 20:00:00,0.4398444
2026-06-18 21:00:00,0.9042536
2026-06-18 22:00:00,1.2327908
2026-06-18 23:00:00,1.3504506
2026-06-19 00:00:00,1.1852783
2026-06-19 01:00:00,0.84720117
2026-06-19 02:00:00,0.5576064
2026-06-19 03:00:00,0.33385092
2026-06-19 04:00:00,0.15713088
2026-06-19 05:00:00,0.0067681554
2026-06-19 06:00:00,-0.09817781
2026-06-19 07:00:00,0.025200333
2026-06-19 08:00:00,0.5291126
2026-06-19 09:00:00,1.0345001
2026-06-19 10:00:00,1.4444405
2026-06-19 11:00:00,1.6419832
2026-06-19 12:00:00,1.5871712
2026-06-19 13:00:00,1.2534325
2026-06-19 14:00:00,0.88808805
2026-06-19 15:00:00,0.6269365
2026-06-19 16:00:00,0.39064974
2026-06-19 17:00:00,0.20857857
2026-06-19 18:00:00,0.05661896
2026-06-19 19:00:00,-0.036054205
2026-06-19 20:00:00,0.17233959
2026-06-19 21:00:00,0.6529353
2026-06-19 22:00:00,1.0492784
2026-06-19 23:00:00,1.2991134
2026-06-20 00:00:00,1.3385103
2026-06-20 01:00:00,1.1161523
2026-06-20 02:00:00,0.8022262
2026-06-20 03:00:00,0.5458183
2026-06-20 04:00:00,0.34152842
2026-06-20 05:00:00,0.17830756
2026-06-20 06:00:00,0.042433422
2026-06-20 07:00:00,-0.02291795
2026-06-20 08:00:00,0.25061616
2026-06-20 09:00:00,0.7397873
2026-06-20 10:00:00,1.1791639
2026-06-20 11:00:00,1.4957854
2026-06-20 12:00:00,1.5982405
2026-06-20 13:00:00,1.455936
2026-06-20 14:00:00,1.1042548
2026-06-20 15:00:00,0.796409
2026-06-20 16:00:00,0.5503451
2026-06-20 17:00:00,0.35139394
2026-06-20 18:00:00,0.18826544
2026-06-20 19:00:00,0.053154014
2026-06-20 20:00:00,-0.0010136164
2026-06-20 21:00:00,0.2822446
2026-06-20 22:00:00,0.7288152
2026-06-20 23:00:00,1.073601
2026-06-21 00:00:00,1.2705971
